"","x"
"1","Kidnapping Mr. Heineken"
"2","Love"
"3","Moonwalkers"
"4","Rolling Papers"
"5","The Runner"
"6","6 Years"
"7","Castle of Stars"
"8","Hell and Back"
"9","Hard Tide"
"10","Elstree 1976"
"11","Man Up"
"12","The Seventies"
"13","Mak Cun"
"14","Monster High: Boo York, Boo York"
"15","Single"
"16","Much Loved"
"17","SMOSH: The Movie"
"18","Keith Richards: Under the Influence"
"19","The Witch"
"20","Raiders!: The Story of the Greatest Fan Film Ever Made"
"21","Behind the Newsroom"
"22","Barça Dreams"
"23","Incorruptible"
"24","Lorai: Play to Live"
"25","Maniac"
"26","A Noble Intention"
"27","Bon Bini Holland"
"28","Conspiracy"
"29","Full Out"
"30","Off Course"
"31","Station Horizon"
"32","Witches: A Century of Murder"
"33","Winter on Fire: Ukraine's Fight for Freedom"
"34","Jackpot"
"35","Heneral Luna"
"36","Equals"
"37","Manson Family Vacation"
"38","A Tale of Love and Darkness"
"39","The Hateful Eight"
"40","Walt Disney Animation Studios Short Films Collection"
"41","Baahubali: The Beginning (English Version)"
"42","While We're Young"
"43","Hunter's Prayer"
"44","I'll See You in My Dreams"
"45","Tracers"
"46","Results"
"47","Bringing Sexy Back"
"48","Sleeping with Other People"
"49","Anjelah Johnson: Not Fancy"
"50","The Gospel of Luke"
"51","The Gospel of Mark"
"52","Second 20s"
"53","Sinister 2"
"54","A Family Affair"
"55","Anthony Jeselnik: Thoughts and Prayers"
"56","Beasts of No Nation"
"57","Circle"
"58","Aisa Yeh Jahaan"
"59","Belief: The Possession of Janet Moses"
"60","Calendar Girls"
"61","Gour Hari Dastaan: The Freedom File"
"62","Blind Date"
"63","Spotless"
"64","Suburra"
"65","Ajaibnya Cinta"
"66","Filosofi Kopi The Movie"
"67","Fishtail"
"68","Judge Singh LLB"
"69","Phantom"
"70","Saadey CM Saab"
"71","What the Jatt!!"
"72","April and the Extraordinary World"
"73","Barbie in Princess Power"
"74","Barbie in Rock 'N Royals"
"75","Miss Hokusai"
"76","Phantom Boy"
"77","Be with Me"
"78","Be with You"
"79","Chatô: The King of Brazil"
"80","Murphy's Law of Love"
"81","My Big Night"
"82","Old Money"
"83","Someone Like You"
"84","Umrika"
"85","When I See You Again"
"86","Case"
"87","The Sea of Trees"
"88","Yes or No 2.5"
"89","Into the Forest"
"90","Krisha"
"91","Qué pena tu serie"
"92","Akulah Balqis"
"93","Minecraft: Story Mode"
"94","Harold and Lillian: A Hollywood Love Story"
"95","Girls und Panzer der Film"
"96","Ludo"
"97","De Palma"
"98","Dream/Killer"
"99","Bella and the Bulldogs"
"100","Liar, Liar, Vampire"
"101","The Massively Mixed-Up Middle School Mystery"
"102","Naomi and Ely's No Kiss List"
"103","Suffragette"
"104","Muzaffarnagar Baaqi Hai"
"105","Only the Dead"
"106","The Crew"
"107","The Method"
"108","John Mulaney: The Comeback Kid"
"109","W/ Bob & David"
"110","Green Room"
"111","Helix"
"112","A Year In Space"
"113","ABCD 2"
"114","Gaddar: the Traitor"
"115","Katti Batti"
"116","Sommore: The Reign Continues"
"117","Stink!"
"118","Kis Kisko Pyaar Karoon"
"119","Moor"
"120","Warehoused"
"121","A Grand Night In: The Story of Aardman"
"122","Spanish Affair 2"
"123","Tree Man"
"124","Regatta"
"125","Away From Home"
"126","Cinta Iris"
"127","Cinta Si Wedding Planner"
"128","Secret of Success"
"129","The Chosen Ones"
"130","Miss Dynamite"
"131","4th Man Out"
"132","Hot Girls Wanted"
"133","Beating Again"
"134","Last"
"135","This Is My Love"
"136","Jen Kirkman: I'm Gonna Die Alone (And I Feel Fine)"
"137","The Other One: The Long Strange Trip of Bob Weir"
"138","Hidden Singer"
"139","The Blackcoat's Daughter"
"140","The Hunt"
"141","Gabbar Is Back"
"142","The Apostate"
"143","Russell Madness"
"144","Kill Hitler! The Luck of the Devil"
"145","Pocoyo & Cars"
"146","Pocoyo Carnival"
"147","Pocoyo Halloween: Space Halloween"
"148","Ringan"
"149","Waiting"
"150","Abby Sen"
"151","Dharam Sankat Mein"
"152","Drishyam"
"153","Loev"
"154","Pyaar Ka Punchnama 2"
"155","Palm Trees in the Snow"
"156","Terra"
"157","The Sunshine Makers"
"158","Thithi"
"159","Zinzana"
"160","That Thing Called Tadhana"
"161","The Love Affair"
"162","Halo: The Fall of Reach"
"163","Aziz Ansari Live at Madison Square Garden"
"164","My Own Man"
"165","Everyday I Love You"
"166","Kid Kulafu"
"167","Th Eena Meena Deeka Chase Comedy Show"
"168","Hiroshima: The Real History"
"169","London Spy"
"170","The Murder Detectives"
"171","Wild Alaska"
"172","Monster High: Haunted"
"173","Drugs, Inc."
"174","Juana Brava"
"175","One-Punch Man"
"176","Zubaan"
"177","Danny Says"
"178","For Grace"
"179","He Never Died"
"180","Angry Indian Goddesses"
"181","Bana Masal Anlatma"
"182","Çarsi Pazar"
"183","Dügün Dernek 2: Sünnet"
"184","Hayat Öpücügü"
"185","Kara Bela"
"186","Kocan Kadar Konus"
"187","Mucize"
"188","Niyazi Gül Dörtnala"
"189","The Boss's Daughter"
"190","Christmas in the Smokies"
"191","Darr Sabko Lagta Hai"
"192","Elles étaient en guerre 1939-1945"
"193","Ishqedarriyaan"
"194","Kaakan"
"195","Rahasya"
"196","Tarif de nuit"
"197","The Plan"
"198","The Silence"
"199","Welcome 2 Karachi"
"200","Earth's Natural Wonders"
"201","India: Nature's Wonderland"
"202","My Honor Was Loyalty"
"203","Servant of the People"
"204","It's Now or Never"
"205","Retribution"
"206","The Republic of Imbaba"
"207","Cosmos Laundromat: First Cycle"
"208","Footprints: The Path of Your Life"
"209","(T)ERROR"
"210","Palio"
"211","Los 10 años de Peter Capusotto"
"212","Ralphie May: Imperfectly Yours"
"213","I Am Michael"
"214","What Happened, Miss Simone?"
"215","Yoko and His Friends"
"216","Advantageous"
"217","Amar Akbar & Tony"
"218","The Homecoming"
"219","Ip Man 3"
"220","The Stanford Prison Experiment"
"221","Cop Car"
"222","The Real Miyagi"
"223","Mr. Gaga: A True Story of Love and Dance"
"224","Singles Villa"
"225","Love Is a Story"
"226","He Named Me Malala"
"227","Pedal the World"
"228","Fear Files... Har Mod Pe Darr"
"229","Lens"
"230","Mind Game"
"231","Black Man White Skin"
"232","Spy Time"
"233","The Fear of 13"
"234","The Heroes of Evil"
"235","The Invitation"
"236","Diamond Lover"
"237","Stories by Rabindranath Tagore"
"238","Reality of Dream"
"239","Wet Hot American Summer"
"240","Fake or Fortune?"
"241","Guy Martin: Last Flight of the Vulcan Bomber"
"242","Amy"
"243","Barely Lethal"
"244","Dark Places"
"245","Ex Machina"
"246","Mississippi Grind"
"247","Mojave"
"248","Remember"
"249","Slow West"
"250","The End of the Tour"
"251","Oh My Ghost 4"
"252","Victor"
"253","Storage Wars: Northern Treasures"
"254","Room"
"255","Tig"
"256","God Eater"
"257","The Adderall Diaries"
"258","Lusers"
"259","Colonia"
"260","Gridlocked"
"261","My Scientology Movie"
"262","Money for Nothing"
"263","Gonul"
"264","Summer of '92"
"265","Chris Tucker Live"
"266","Inside the Mind of a Serial Killer"
"267","Molang"
"268","Soul Robbers"
"269","Ho Mann Jahaan"
"270","Learning Songs by Little Baby Bum: Nursery Rhyme Friends"
"271","Wrong No."
"272","Happyish"
"273","King Jack"
"274","Road to Yesterday"
"275","X: Past Is Present"
"276","You Carry Me"
"277","Miss Sharon Jones!"
"278","Love You... Love You Not"
"279","Don Quixote: The Ingenious Gentleman of La Mancha"
"280","Case Closed"
"281","Semana Santa"
"282","Surga Yang Tak Dirindukan"
"283","Iliza Shlesinger: Freezing Hot"
"284","The Jack King Affair"
"285","Legend"
"286","Steve Jobs"
"287","Phir Se"
"288","Harry and Snowman"
"289","The Similars"
"290","Twisted Trunk, Big Fat Body"
"291","Historia de un clan"
"292","Very Big Shot"
"293","Dragonheart 3: The Sorcerer"
"294","Jeff Dunham: Unhinged in Hollywood"
"295","Reply 1988"
"296","Riot"
"297","Tremors 5:  Bloodline"
"298","Back to the 90s"
"299","Chappie"
"300","Radiopetti"
"301","How to Change the World"
"302","Strawberry Shortcake: Berry Bitty Adventures"
"303","Blinky Bill: The Movie"
"304","Lila & Eve"
"305","Star Men"
"306","The Lovers"
"307","French Dirty"
"308","Be Here Now"
"309","A Second Chance"
"310","Beauty and the Bestie"
"311","The Breakup Playlist"
"312","You're My Boss"
"313","Ralphie May: Unruly"
"314","Jonas"
"315","Dueños del paraíso"
"316","Operações Especiais"
"317","Marvel Super Hero Adventures: Frost Fight!"
"318","마녀사냥"
"319","The Returned"
"320","Black Sea"
"321","Hjørdis"
"322","Daagdi Chaawl"
"323","A Heavy Heart"
"324","Aram, Aram"
"325","The Memory of Water"
"326","Sister Code"
"327","Virunga: Gorillas in Peril"
"328","Ten Years"
"329","Guilty"
"330","Hunters of the South Seas"
"331","The Big Catch"
"332","World's Weirdest Homes"
"333","Little Lunch"
"334","Chauthi Koot"
"335","Dilwale"
"336","Gun Runners"
"337","Haraamkhor"
"338","Highly Strung"
"339","I Am Sun Mu"
"340","The Lizzie Borden Chronicles"
"341","Mariah Carey's Merriest Christmas"
"342","Trailer Park Boys: Drunk, High and Unemployed: Live in Austin"
"343","The Cuba Libre Story"
"344","A Very Murray Christmas"
"345","Bill Hicks: Reflections"
"346","Battle Creek"
"347","Anesthesia"
"348","Diary of a Chambermaid"
"349","Wadi"
"350","Hashoter Hatov"
"351","Fifty"
"352","Marco Polo: One Hundred Eyes"
"353","Backtrack"
"354","Fireplace 4K: Classic Crackling Fireplace from Fireplace for Your Home"
"355","Fireplace 4K: Crackling Birchwood from Fireplace for Your Home"
"356","Iyore"
"357","The First Lady"
"358","Lang Tong"
"359","Daemonium"
"360","The Lobster"
"361","Power Rangers Dino Charge"
"362","Mike Epps: Don't Take It Personal"
"363","Bob's Broken Sleigh"
"364","The Danish Girl"
"365","Bangistan"
"366","Dil Dhadakne Do"
"367","The Bad Education Movie"
"368","A.D. Kingdom and Empire"
"369","Blackway"
"370","Breaking Free"
"371","Cheuk Wan-Chi: Two Night Stand"
"372","Freeway: Crack in the System"
"373","Seoul Searching"
"374","3 Türken & ein Baby"
"375","Eddie - Strongman"
"376","Famous in Ahmedabad"
"377","Zoom"
"378","The Monster of Mangatiti"
"379","This Was Tomorrow"
"380","Standoff"
"381","The Ridiculous 6"
"382","Why Me?"
"383","Faraar"
"384","Helios"
"385","Dhia Sofea"
"386","Eh Janam Tumhare Lekhe"
"387","Padamu Aku Bersujud"
"388","Sardaar ji"
"389","Asu Mare 2"
"390","Bromance"
"391","Interrogation"
"392","Merlí"
"393","Natural Selection"
"394","Atelier"
"395","My Little Pony Equestria Girls: Friendship Games"
"396","Tyke Elephant Outlaw"
"397","Let's Eat 2"
"398","Oh My Ghost"
"399","Baahubali: The Beginning (Hindi Version)"
"400","Baahubali: The Beginning (Malayalam Version)"
"401","Baahubali: The Beginning (Tamil Version)"
"402","Crazy Beautiful You"
"403","I'm Brent Morin"
"404","LEGO Marvel Super Heroes: Avengers Reassembled!"
"405","The Eichmann Show"
"406","3 Generations"
"407","Behind ""The Cove"": The Quiet Japanese Speak Out"
"408","Abzurdah"
"409","Jonathan Strange & Mr Norrell"
"410","Hati Perempuan"
"411","Rembat"
"412","Dhanak"
"413","Tamasha"
"414","Héroes"
"415","Save Our Shelter"
"416","Selfless"
"417","Bioscope"
"418","For Here or to Go?"
"419","Colin Quinn: Unconstitutional"
"420","My Ex-Ex"
"421","We're No Animals"
"422","Being AP"
"423","Louis C.K.: Live at the Comedy Store"
"424","Persona"
"425","Demetri Martin: Live (At the Time)"
"426","13 Cameras"
"427","Los Herederos"
"428","Demonic"
"429","Jupiter Ascending"
"430","Last Knights"
"431","MI-5"
"432","P Se PM Tak"
"433","The Diabolical"
"434","A Sort of Homecoming"
"435","Fartsa"
"436","Genius of the Ancient World"
"437","Un plus une"
"438","Holding the Man"
"439","Love Cuisine"
"440","Miss Rose"
"441","Look Who's Back"
"442","Residue"
"443","Queen of the Desert"
"444","American Odyssey"
"445","Ali Baba ve 7 Cüceler"
"446","2015 Dream Concert"
"447","Jumping Girl"
"448","What in the World Happened?"
"449","The Daughter"
"450","The Hateful Eight: Extended Version"
"451","Catching the Sun"
"452","Jagat"
"453","The D Train"
"454","The Walls of the Moon"
"455","Dabbe 6: The Return"
"456","The Messengers"
"457","Chris D'Elia: Incorrigible"
"458","Numero Zero. The Roots of Italian Rap"
"459","A Patch of Fog"
"460","Agent Raghav"
"461","Bhaage Re Mann"
"462","Maharakshak Devi"
"463","Band of Robbers"
"464","Prescription Thugs"
"465","Across The Line"
"466","The Trust"
"467","Dagh Ujala"
"468","Dare to Be Wild"
"469","Lady, la vendedora de rosas"
"470","Secret in Their Eyes"
"471","Five Nights in Maine"
"472","Razia Sultan"
"473","Cyborg 009 VS Devilman"
"474","Frank and Cindy"
"475","Jeremy Scott: The People's Designer"
"476","Yo-Kai Watch"
"477","Haven"
"478","Silver Spoon"
"479","Nature's Weirdest Events"
"480","Robocar Poli"
"481","Toast of London"
"482","Hemlock Grove"
"483","Some Assembly Required"
"484","Octonauts"
"485","West Coast Customs"
"486","The Crime"
"487","Haikyu!!"
"488","Creators"
"489","Total Drama"
"490","Richie Rich"
"491","Yu-Gi-Oh! Arc-V"
"492","Club Friday The Series 6"
"493","The House That Made Me"
"494","Outback Truckers"
"495","Hormones"
"496","The Day My Butt Went Psycho!"
"497","Off Camera"
"498","Glee"
"499","H2O: Mermaid Adventures"
"500","Parks and Recreation"
"501","Mia and Me"
"502","Love Me As I Am"
"503","Ugly Duckling"
"504","The Furchester Hotel"
"505","Larva"
"506","Nurse Jackie"
"507","Fate/stay night: Unlimited Blade Works"
"508","Cocomong"
"509","Shtisel"
"510","Fit for Fashion"
"511","Knights of Sidonia"
"512","Caught on Camera"
"513","Derek"
"514","Lost Girl"
"515","Filinta"
"516","The Adventures of Figaro Pho"
"517","Red vs. Blue"
